{
    "(1, 1, 1, 0, 1, 1, 3, 3, 3, 0)": 0,
    "(1, 1, 1, 0, 1, 1, 3, 3, 3, 1)": 0,
    "(1, 1, 1, 0, 1, 1, 3, 3, 3, 2)": -1.4,
    "(1, 1, 1, 0, 1, 1, 3, 3, 3, 4)": 7.999999999999797,
    "(1, 1, 1, 0, 1, 1, 3, 3, 3, 5)": 0,
    "(1, 1, 1, 0, 1, 1, 3, 3, 3, 6)": -39.199999999999996,
    "(1, 1, 1, 0, 1, 1, 3, 3, 3, 7)": -29.4,
    "(1, 1, 1, 0, 1, 1, 3, 3, 3, 8)": 0,
    "(1, 1, 1, 0, 1, 1, 3, 3, 3, 9)": 0.0,
    "(1, 1, 1, 0, 1, 1, 2, 3, 3, 0)": 0,
    "(1, 1, 1, 0, 1, 1, 2, 3, 3, 1)": 0,
    "(1, 1, 1, 0, 1, 1, 2, 3, 3, 2)": 0,
    "(1, 1, 1, 0, 1, 1, 2, 3, 3, 4)": 0,
    "(1, 1, 1, 0, 1, 1, 2, 3, 3, 5)": 0,
    "(1, 1, 1, 0, 1, 1, 2, 3, 3, 6)": 0,
    "(1, 1, 1, 0, 1, 1, 2, 3, 3, 7)": 0,
    "(1, 1, 1, 0, 1, 1, 2, 3, 3, 8)": 0,
    "(1, 1, 1, 0, 1, 1, 2, 3, 3, 9)": 0,
    "(1, 1, 0, 0, 1, 0, 2, 3, 3, 0)": 0,
    "(1, 1, 0, 0, 1, 0, 2, 3, 3, 1)": 0,
    "(1, 1, 0, 0, 1, 0, 2, 3, 3, 4)": 0,
    "(1, 1, 0, 0, 1, 0, 2, 3, 3, 6)": 0,
    "(1, 1, 0, 0, 1, 0, 2, 3, 3, 7)": -66.14999999999999,
    "(1, 1, 0, 0, 1, 0, 2, 3, 3, 8)": 0,
    "(1, 1, 0, 0, 1, 0, 2, 3, 3, 9)": 0.0,
    "(1, 0, 0, 0, 1, 0, 2, 3, 2, 0)": 0,
    "(1, 0, 0, 0, 1, 0, 2, 3, 2, 4)": 5.6,
    "(1, 0, 0, 0, 1, 0, 2, 3, 2, 6)": 0,
    "(1, 0, 0, 0, 1, 0, 2, 3, 2, 7)": 0,
    "(1, 0, 0, 0, 1, 0, 2, 3, 2, 8)": 0,
    "(1, 0, 0, 0, 1, 0, 2, 3, 2, 9)": 0,
    "(1, 0, 0, 0, 0, 0, 2, 3, 2, 0)": 0,
    "(1, 0, 0, 0, 0, 0, 2, 3, 2, 6)": 0,
    "(1, 0, 0, 0, 0, 0, 2, 3, 2, 7)": 0,
    "(1, 0, 0, 0, 0, 0, 2, 3, 2, 8)": 0,
    "(1, 0, 0, 0, 0, 0, 2, 3, 2, 9)": 0,
    "(1, 1, 1, 0, 1, 1, 3, 2, 3, 0)": 0,
    "(1, 1, 1, 0, 1, 1, 3, 2, 3, 1)": 0,
    "(1, 1, 1, 0, 1, 1, 3, 2, 3, 2)": 0,
    "(1, 1, 1, 0, 1, 1, 3, 2, 3, 4)": 0,
    "(1, 1, 1, 0, 1, 1, 3, 2, 3, 5)": 0,
    "(1, 1, 1, 0, 1, 1, 3, 2, 3, 6)": 0,
    "(1, 1, 1, 0, 1, 1, 3, 2, 3, 7)": 0,
    "(1, 1, 1, 0, 1, 1, 3, 2, 3, 8)": 0,
    "(1, 1, 1, 0, 1, 1, 3, 2, 3, 9)": 0,
    "(1, 1, 1, 0, 0, 1, 3, 2, 2, 0)": 0,
    "(1, 1, 1, 0, 0, 1, 3, 2, 2, 1)": 0,
    "(1, 1, 1, 0, 0, 1, 3, 2, 2, 2)": 0,
    "(1, 1, 1, 0, 0, 1, 3, 2, 2, 5)": 0,
    "(1, 1, 1, 0, 0, 1, 3, 2, 2, 6)": 0,
    "(1, 1, 1, 0, 0, 1, 3, 2, 2, 7)": 0,
    "(1, 1, 1, 0, 0, 1, 3, 2, 2, 8)": -36.75,
    "(1, 1, 1, 0, 0, 1, 3, 2, 2, 9)": 0,
    "(1, 1, 1, 0, 0, 1, 3, 2, 1, 0)": 0,
    "(1, 1, 1, 0, 0, 1, 3, 2, 1, 1)": 0,
    "(1, 1, 1, 0, 0, 1, 3, 2, 1, 2)": 0,
    "(1, 1, 1, 0, 0, 1, 3, 2, 1, 5)": 0,
    "(1, 1, 1, 0, 0, 1, 3, 2, 1, 6)": 0,
    "(1, 1, 1, 0, 0, 1, 3, 2, 1, 7)": 0,
    "(1, 1, 1, 0, 0, 1, 3, 2, 1, 8)": 0,
    "(1, 1, 1, 0, 0, 1, 3, 2, 1, 9)": 0,
    "(1, 1, 1, 0, 0, 1, 2, 1, 1, 0)": 0,
    "(1, 1, 1, 0, 0, 1, 2, 1, 1, 1)": -2.8,
    "(1, 1, 1, 0, 0, 1, 2, 1, 1, 2)": 0,
    "(1, 1, 1, 0, 0, 1, 2, 1, 1, 5)": 0,
    "(1, 1, 1, 0, 0, 1, 2, 1, 1, 6)": 0,
    "(1, 1, 1, 0, 0, 1, 2, 1, 1, 7)": 0,
    "(1, 1, 1, 0, 0, 1, 2, 1, 1, 8)": 0,
    "(1, 1, 1, 0, 0, 1, 2, 1, 1, 9)": 0,
    "(1, 0, 1, 0, 0, 1, 2, 1, 1, 0)": 0,
    "(1, 0, 1, 0, 0, 1, 2, 1, 1, 2)": 0,
    "(1, 0, 1, 0, 0, 1, 2, 1, 1, 5)": 0,
    "(1, 0, 1, 0, 0, 1, 2, 1, 1, 6)": 0,
    "(1, 0, 1, 0, 0, 1, 2, 1, 1, 7)": 0,
    "(1, 0, 1, 0, 0, 1, 2, 1, 1, 8)": 0,
    "(1, 0, 1, 0, 0, 1, 2, 1, 1, 9)": 0,
    "(1, 1, 0, 0, 1, 1, 2, 3, 3, 0)": 0,
    "(1, 1, 0, 0, 1, 1, 2, 3, 3, 1)": 0,
    "(1, 1, 0, 0, 1, 1, 2, 3, 3, 4)": 0,
    "(1, 1, 0, 0, 1, 1, 2, 3, 3, 5)": 1.75,
    "(1, 1, 0, 0, 1, 1, 2, 3, 3, 6)": 0,
    "(1, 1, 0, 0, 1, 1, 2, 3, 3, 7)": 0,
    "(1, 1, 0, 0, 1, 1, 2, 3, 3, 8)": 0,
    "(1, 1, 0, 0, 1, 1, 2, 3, 3, 9)": 0,
    "(0, 0, 0, 0, 1, 0, 2, 3, 3, 4)": 0,
    "(0, 0, 0, 0, 1, 0, 2, 3, 3, 6)": -25.2,
    "(0, 0, 0, 0, 1, 0, 2, 3, 3, 7)": 0,
    "(0, 0, 0, 0, 1, 0, 2, 3, 3, 8)": 0,
    "(0, 0, 0, 0, 1, 0, 2, 3, 3, 9)": 0,
    "(0, 0, 0, 0, 1, 0, 1, 3, 3, 4)": 0,
    "(0, 0, 0, 0, 1, 0, 1, 3, 3, 6)": 0,
    "(0, 0, 0, 0, 1, 0, 1, 3, 3, 7)": 0,
    "(0, 0, 0, 0, 1, 0, 1, 3, 3, 8)": 0,
    "(0, 0, 0, 0, 1, 0, 1, 3, 3, 9)": 0,
    "(1, 1, 0, 0, 1, 1, 3, 3, 3, 0)": 0,
    "(1, 1, 0, 0, 1, 1, 3, 3, 3, 1)": 0,
    "(1, 1, 0, 0, 1, 1, 3, 3, 3, 4)": 0,
    "(1, 1, 0, 0, 1, 1, 3, 3, 3, 5)": 0,
    "(1, 1, 0, 0, 1, 1, 3, 3, 3, 6)": 0,
    "(1, 1, 0, 0, 1, 1, 3, 3, 3, 7)": 0,
    "(1, 1, 0, 0, 1, 1, 3, 3, 3, 8)": 0,
    "(1, 1, 0, 0, 1, 1, 3, 3, 3, 9)": 0,
    "(1, 1, 0, 0, 1, 0, 2, 2, 3, 0)": 0,
    "(1, 1, 0, 0, 1, 0, 2, 2, 3, 1)": 0,
    "(1, 1, 0, 0, 1, 0, 2, 2, 3, 4)": 0,
    "(1, 1, 0, 0, 1, 0, 2, 2, 3, 6)": 0,
    "(1, 1, 0, 0, 1, 0, 2, 2, 3, 7)": 0,
    "(1, 1, 0, 0, 1, 0, 2, 2, 3, 8)": 0,
    "(1, 1, 0, 0, 1, 0, 2, 2, 3, 9)": 0,
    "(1, 1, 0, 0, 0, 0, 2, 2, 3, 0)": 0,
    "(1, 1, 0, 0, 0, 0, 2, 2, 3, 1)": 0,
    "(1, 1, 0, 0, 0, 0, 2, 2, 3, 6)": 0,
    "(1, 1, 0, 0, 0, 0, 2, 2, 3, 7)": 0,
    "(1, 1, 0, 0, 0, 0, 2, 2, 3, 8)": 0,
    "(1, 1, 0, 0, 0, 0, 2, 2, 3, 9)": 0.0,
    "(1, 1, 1, 0, 0, 1, 3, 3, 3, 0)": 0,
    "(1, 1, 1, 0, 0, 1, 3, 3, 3, 1)": 0,
    "(1, 1, 1, 0, 0, 1, 3, 3, 3, 2)": 0,
    "(1, 1, 1, 0, 0, 1, 3, 3, 3, 5)": 0,
    "(1, 1, 1, 0, 0, 1, 3, 3, 3, 6)": 0,
    "(1, 1, 1, 0, 0, 1, 3, 3, 3, 7)": 0,
    "(1, 1, 1, 0, 0, 1, 3, 3, 3, 8)": 0,
    "(1, 1, 1, 0, 0, 1, 3, 3, 3, 9)": 0,
    "(1, 0, 1, 0, 0, 1, 3, 2, 3, 0)": 0,
    "(1, 0, 1, 0, 0, 1, 3, 2, 3, 2)": -1.4,
    "(1, 0, 1, 0, 0, 1, 3, 2, 3, 5)": 0,
    "(1, 0, 1, 0, 0, 1, 3, 2, 3, 6)": -29.4,
    "(1, 0, 1, 0, 0, 1, 3, 2, 3, 7)": 0,
    "(1, 0, 1, 0, 0, 1, 3, 2, 3, 8)": 0,
    "(1, 0, 1, 0, 0, 1, 3, 2, 3, 9)": 0,
    "(1, 0, 1, 0, 0, 1, 2, 2, 3, 0)": 0,
    "(1, 0, 1, 0, 0, 1, 2, 2, 3, 2)": 0,
    "(1, 0, 1, 0, 0, 1, 2, 2, 3, 5)": 0,
    "(1, 0, 1, 0, 0, 1, 2, 2, 3, 6)": 0,
    "(1, 0, 1, 0, 0, 1, 2, 2, 3, 7)": 0,
    "(1, 0, 1, 0, 0, 1, 2, 2, 3, 8)": 0,
    "(1, 0, 1, 0, 0, 1, 2, 2, 3, 9)": 0,
    "(0, 0, 1, 0, 0, 0, 2, 2, 3, 2)": 0,
    "(0, 0, 1, 0, 0, 0, 2, 2, 3, 6)": -16.799999999999997,
    "(0, 0, 1, 0, 0, 0, 2, 2, 3, 7)": 0,
    "(0, 0, 1, 0, 0, 0, 2, 2, 3, 8)": -108.5,
    "(0, 0, 1, 0, 0, 0, 2, 2, 3, 9)": 0,
    "(0, 0, 1, 0, 0, 0, 2, 2, 2, 2)": 0,
    "(0, 0, 1, 0, 0, 0, 2, 2, 2, 6)": 0,
    "(0, 0, 1, 0, 0, 0, 2, 2, 2, 7)": 0,
    "(0, 0, 1, 0, 0, 0, 2, 2, 2, 8)": 0,
    "(0, 0, 1, 0, 0, 0, 2, 2, 2, 9)": 0,
    "(1, 0, 1, 0, 0, 1, 2, 3, 3, 0)": 0,
    "(1, 0, 1, 0, 0, 1, 2, 3, 3, 2)": 0,
    "(1, 0, 1, 0, 0, 1, 2, 3, 3, 5)": 0,
    "(1, 0, 1, 0, 0, 1, 2, 3, 3, 6)": 0,
    "(1, 0, 1, 0, 0, 1, 2, 3, 3, 7)": -36.75,
    "(1, 0, 1, 0, 0, 1, 2, 3, 3, 8)": 0,
    "(1, 0, 1, 0, 0, 1, 2, 3, 3, 9)": 0,
    "(0, 0, 1, 0, 0, 0, 1, 2, 3, 2)": 0,
    "(0, 0, 1, 0, 0, 0, 1, 2, 3, 6)": 0,
    "(0, 0, 1, 0, 0, 0, 1, 2, 3, 7)": 0,
    "(0, 0, 1, 0, 0, 0, 1, 2, 3, 8)": 0,
    "(0, 0, 1, 0, 0, 0, 1, 2, 3, 9)": 0,
    "(1, 1, 1, 0, 0, 1, 3, 2, 3, 0)": 0,
    "(1, 1, 1, 0, 0, 1, 3, 2, 3, 1)": 0,
    "(1, 1, 1, 0, 0, 1, 3, 2, 3, 2)": 0,
    "(1, 1, 1, 0, 0, 1, 3, 2, 3, 5)": 0,
    "(1, 1, 1, 0, 0, 1, 3, 2, 3, 6)": 0,
    "(1, 1, 1, 0, 0, 1, 3, 2, 3, 7)": 0,
    "(1, 1, 1, 0, 0, 1, 3, 2, 3, 8)": -75.94999999999999,
    "(1, 1, 1, 0, 0, 1, 3, 2, 3, 9)": 0,
    "(1, 1, 1, 0, 0, 1, 3, 1, 1, 0)": 0,
    "(1, 1, 1, 0, 0, 1, 3, 1, 1, 1)": 0,
    "(1, 1, 1, 0, 0, 1, 3, 1, 1, 2)": 0,
    "(1, 1, 1, 0, 0, 1, 3, 1, 1, 5)": 0,
    "(1, 1, 1, 0, 0, 1, 3, 1, 1, 6)": 0,
    "(1, 1, 1, 0, 0, 1, 3, 1, 1, 7)": -3.5,
    "(1, 1, 1, 0, 0, 1, 3, 1, 1, 8)": 0,
    "(1, 1, 1, 0, 0, 1, 3, 1, 1, 9)": 0,
    "(1, 1, 1, 0, 0, 1, 3, 0, 1, 0)": 0,
    "(1, 1, 1, 0, 0, 1, 3, 0, 1, 1)": 0,
    "(1, 1, 1, 0, 0, 1, 3, 0, 1, 2)": 0,
    "(1, 1, 1, 0, 0, 1, 3, 0, 1, 5)": 0,
    "(1, 1, 1, 0, 0, 1, 3, 0, 1, 6)": 0,
    "(1, 1, 1, 0, 0, 1, 3, 0, 1, 8)": 0,
    "(1, 1, 1, 0, 0, 1, 3, 0, 1, 9)": 0,
    "(1, 1, 1, 0, 0, 1, 3, 3, 2, 0)": 0,
    "(1, 1, 1, 0, 0, 1, 3, 3, 2, 1)": -3.5,
    "(1, 1, 1, 0, 0, 1, 3, 3, 2, 2)": 0,
    "(1, 1, 1, 0, 0, 1, 3, 3, 2, 5)": 0,
    "(1, 1, 1, 0, 0, 1, 3, 3, 2, 6)": -49.0,
    "(1, 1, 1, 0, 0, 1, 3, 3, 2, 7)": -36.75,
    "(1, 1, 1, 0, 0, 1, 3, 3, 2, 8)": 0,
    "(1, 1, 1, 0, 0, 1, 3, 3, 2, 9)": 0,
    "(1, 1, 1, 0, 0, 1, 2, 3, 2, 0)": 0,